date,subpop,incidCase,incidHosp,currHosp,incidDeath
2023-08-01,06000,0.0,0.0,0.0,0.0
2023-08-02,06000,0.0,0.0,0.0,0.0
2023-08-03,06000,0.0,0.0,0.0,0.0
2023-08-04,06000,0.0,0.0,0.0,0.0
2023-08-05,06000,0.0,0.0,0.0,0.0
2023-08-06,06000,3632.6591565213766,0.0,0.0,0.0
2023-08-07,06000,3632.6591565213766,0.0,0.0,0.0
2023-08-08,06000,7668.328246420843,363.26591565213766,363.26591565213766,0.0
2023-08-09,06000,7668.328246420843,363.26591565213766,726.5318313042753,0.0
2023-08-10,06000,9282.706203763635,766.8328246420843,1493.3646559463596,0.0
2023-08-11,06000,9282.706203763635,766.8328246420843,2260.197480588444,0.0
2023-08-12,06000,9894.757585423898,928.2706203763636,3188.4681009648075,0.0
2023-08-13,06000,9894.757585423898,928.2706203763636,4116.738721341171,0.0
2023-08-14,06000,10091.261965579179,989.4757585423899,5106.214479883562,0.0
2023-08-15,06000,10091.261965579179,989.4757585423899,6095.690238425952,0.0
2023-08-16,06000,10114.998972432692,1009.1261965579179,7104.81643498387,0.0
2023-08-17,06000,10114.998972432692,1009.1261965579179,8113.942631541788,0.0
2023-08-18,06000,10066.476235296592,1011.4998972432692,8762.17661313292,0.0
2023-08-19,06000,10066.476235296592,1011.4998972432692,9410.410594724051,0.0
2023-08-20,06000,9987.340009880303,1006.6476235296592,9650.225393611627,0.0
2023-08-21,06000,9987.340009880303,1006.6476235296592,9890.040192499202,0.0
2023-08-22,06000,9894.877379443358,998.7340009880304,9960.50357311087,72.65318313042754
2023-08-23,06000,9894.877379443358,998.7340009880304,10030.966953722535,72.65318313042754
2023-08-24,06000,9796.291990754456,989.4877379443359,10030.97893312448,153.36656492841686
2023-08-25,06000,9796.291990754456,989.4877379443359,10030.990912526424,153.36656492841686
2023-08-26,06000,9694.612275174306,979.6291990754457,10001.493915043953,185.65412407527273
2023-08-27,06000,9694.612275174306,979.6291990754457,9971.996917561482,185.65412407527273
2023-08-28,06000,9591.137188342178,969.4612275174306,9929.958247835642,197.895151708478
2023-08-29,06000,9591.137188342178,969.4612275174306,9887.919578109802,197.895151708478
2023-08-30,06000,9486.448833297853,959.1137188342178,9840.385673414361,201.82523931158357
2023-08-31,06000,9486.448833297853,959.1137188342178,9792.85176871892,201.82523931158357
2023-09-01,06000,9380.831785489328,948.6448833297853,9742.762651060673,202.29997944865386
2023-09-02,06000,9380.831785489328,948.6448833297853,9692.673533402427,202.29997944865386
2023-09-03,06000,9274.446744692355,938.0831785489329,9641.268974007024,201.32952470593185
2023-09-04,06000,9274.446744692355,938.0831785489329,9589.86441461162,201.32952470593185
2023-09-05,06000,9167.402438011553,927.4446744692356,9537.67989000541,199.7468001976061
2023-09-06,06000,9167.402438011553,927.4446744692356,9485.495365399198,199.7468001976061
2023-09-07,06000,9059.78537470874,916.7402438011554,9432.774381682924,197.89754758886718
2023-09-08,06000,9059.78537470874,916.7402438011554,9380.05339796665,197.89754758886718
2023-09-09,06000,8951.672139593757,905.978537470874,9326.918216603306,195.92583981508915
2023-09-10,06000,8951.672139593757,905.978537470874,9273.783035239961,195.92583981508915
2023-09-11,06000,8843.134452453913,895.1672139593757,9220.305365869553,193.89224550348615
2023-09-12,06000,8843.134452453913,895.1672139593757,9166.827696499146,193.89224550348615
2023-09-13,06000,8734.241231556902,884.3134452453913,9113.057963195602,191.8227437668436
2023-09-14,06000,8734.241231556902,884.3134452453913,9059.28822989206,191.8227437668436
2023-09-15,06000,8625.059417729026,873.4241231556903,9005.267678578512,189.72897666595708
2023-09-16,06000,8625.059417729026,873.4241231556903,8951.247127264964,189.72897666595708
2023-09-17,06000,8515.654287144713,862.5059417729026,8897.012825236714,187.61663570978658
2023-09-18,06000,8515.654287144713,862.5059417729026,8842.778523208464,187.61663570978658
2023-09-19,06000,8406.089554707387,851.5654287144713,8788.365414452062,185.48893489384713
2023-09-20,06000,8406.089554707387,851.5654287144713,8733.95230569566,185.48893489384713
2023-09-21,06000,8296.427393178514,840.6089554707387,8679.39404720702,183.3480487602311
2023-09-22,06000,8296.427393178514,840.6089554707387,8624.835788718381,183.3480487602311
2023-09-23,06000,8186.7284199245205,829.6427393178515,8570.165082790845,181.19570749417483
2023-09-24,06000,8186.7284199245205,829.6427393178515,8515.49437686331,181.19570749417483
2023-09-25,06000,8077.051672749209,818.672841992452,8460.743095700076,179.03344279187513
2023-09-26,06000,8077.051672749209,818.672841992452,8405.991814536843,179.03344279187513
2023-09-27,06000,7967.454583662072,807.7051672749209,8351.191040038859,176.86268904907828
2023-09-28,06000,7967.454583662072,807.7051672749209,8296.390265540875,176.86268904907828
2023-09-29,06000,7857.992954192368,796.7454583662072,8241.570295192607,174.68482463113807
2023-09-30,06000,7857.992954192368,796.7454583662072,8186.750324844339,174.68482463113807
2023-10-01,06000,7748.720933679511,785.7992954192368,8131.940664792841,172.50118835458053
2023-10-02,06000,7748.720933679511,785.7992954192368,8077.131004741343,172.50118835458053
2023-10-03,06000,7639.691001061354,774.8720933679512,8022.36035879144,170.31308574289426
2023-10-04,06000,7639.691001061354,774.8720933679512,7967.589712841538,170.31308574289426
2023-10-05,06000,7530.953950301065,763.9691001061354,7912.88597095522,168.12179109414774
2023-10-06,06000,7530.953950301065,763.9691001061354,7858.1822290689015,168.12179109414774
2023-10-07,06000,7422.558879431861,753.0953950301065,7803.572456824084,165.92854786357032
2023-10-08,06000,7422.558879431861,753.0953950301065,7748.962684579266,165.92854786357032
2023-10-09,06000,7314.553183129105,742.2558879431862,7694.4731141562515,163.7345683984904
2023-10-10,06000,7314.553183129105,742.2558879431862,7639.983543733237,163.7345683984904
2023-10-11,06000,7206.982548688129,731.4553183129105,7585.639566626909,161.5410334549842
2023-10-12,06000,7206.982548688129,731.4553183129105,7531.295589520581,161.5410334549842
2023-10-13,06000,7099.890955271429,720.6982548688129,7477.121751021441,159.34909167324145
2023-10-14,06000,7099.890955271429,720.6982548688129,7422.947912522301,159.34909167324145
2023-10-15,06000,6993.320676281324,709.989095527143,7368.967907943304,157.15985908384738
2023-10-16,06000,6993.320676281324,709.989095527143,7314.987903364308,157.15985908384738
2023-10-17,06000,6887.3122847102395,699.3320676281324,7261.224575962333,154.97441867359024
2023-10-18,06000,6887.3122847102395,699.3320676281324,7207.4612485603575,154.97441867359024
2023-10-19,06000,6781.904661318509,688.731228471024,7153.936589088189,152.7938200212271
2023-10-20,06000,6781.904661318509,688.731228471024,7100.411929616021,152.7938200212271
2023-10-21,06000,6677.135005488472,678.1904661318509,7047.147077434958,150.6190790060213
2023-10-22,06000,6677.135005488472,678.1904661318509,6993.882225253896,150.6190790060213
2023-10-23,06000,6573.0388486034335,667.7135005488473,6940.897470933931,148.45117758863725
2023-10-24,06000,6573.0388486034335,667.7135005488473,6887.912716613966,148.45117758863725
2023-10-25,06000,6469.650069800338,657.3038848603434,6835.227505947172,146.2910636625821
2023-10-26,06000,6469.650069800338,657.3038848603434,6782.542295280378,146.2910636625821
2023-10-27,06000,6367.000913946058,646.9650069800339,6730.17523463229,144.1396509737626
2023-10-28,06000,6367.000913946058,646.9650069800339,6677.808173984202,144.1396509737626
2023-10-29,06000,6265.122011688576,636.7000913946058,6625.777036907792,141.99781910542862
2023-10-30,06000,6265.122011688576,636.7000913946058,6573.745899831381,141.99781910542862
2023-10-31,06000,6164.042401436324,626.5122011688577,6522.067634868385,139.86641352562648
2023-11-01,06000,6164.042401436324,626.5122011688577,6470.389369905388,139.86641352562648
2023-11-02,06000,6063.789553121275,616.4042401436325,6419.080109500173,137.74624569420482
2023-11-03,06000,6063.789553121275,616.4042401436325,6367.770849094959,137.74624569420482
2023-11-04,06000,5964.389393604135,606.3789553121276,6316.845919546744,135.6380932263702
2023-11-05,06000,5964.389393604135,606.3789553121276,6265.920989998529,135.6380932263702
2023-11-06,06000,5917.638192020903,596.4389393604135,6215.394922378895,133.54270010976947
2023-11-07,06000,5917.638192020903,596.4389393604135,6164.868854759261,133.54270010976947
2023-11-08,06000,5899.778641166617,591.7638192020903,6119.932582566747,131.4607769720687
2023-11-09,06000,5899.778641166617,591.7638192020903,6074.996310374234,131.4607769720687
2023-11-10,06000,5864.368207007207,589.9778641166616,6038.461973322046,129.39300139600678
2023-11-11,06000,5864.368207007207,589.9778641166616,6001.927636269858,129.39300139600678
2023-11-12,06000,5821.498855732425,586.4368207007208,5971.960216826948,127.34001827892116
2023-11-13,06000,5821.498855732425,586.4368207007208,5941.992797384039,127.34001827892116
2023-11-14,06000,5775.357381743655,582.1498855732425,5917.763727645142,125.30244023377155
2023-11-15,06000,5775.357381743655,582.1498855732425,5893.534657906261,125.30244023377155
2023-11-16,06000,5727.689543401307,577.5357381743655,5874.631456720221,123.2808480287265
2023-11-17,06000,5727.689543401307,577.5357381743655,5855.728255534181,123.2808480287265
2023-11-18,06000,5679.2318713211425,572.7689543401307,5836.73339067222,121.27579106242553
2023-11-19,06000,5679.2318713211425,572.7689543401307,5817.738525810259,121.27579106242553
2023-11-20,06000,5630.303572804883,567.9231871321143,5795.683848825705,119.28778787208272
2023-11-21,06000,5630.303572804883,567.9231871321143,5773.629171841152,119.28778787208272
2023-11-22,06000,5581.051263464081,563.0303572804883,5750.222708420915,118.35276384041806
2023-11-23,06000,5581.051263464081,563.0303572804883,5726.8162450006785,118.35276384041806
2023-11-24,06000,5531.5501699297565,558.1051263464082,5702.7714857738465,117.99557282333234
2023-11-25,06000,5531.5501699297565,558.1051263464082,5678.726726547,117.99557282333234
2023-11-26,06000,5481.845983958218,553.1550169929757,5654.346005365602,117.28736414014416
2023-11-27,06000,5481.845983958218,553.1550169929757,5629.9652841842035,117.28736414014416
2023-11-28,06000,5431.972171436472,548.1845983958218,5605.380928239887,116.42997711464851
2023-11-29,06000,5431.972171436472,548.1845983958218,5580.7965722955705,116.42997711464851
2023-11-30,06000,5381.9571276515835,543.1972171436472,5556.070602307111,115.5071476348731
2023-12-01,06000,5381.9571276515835,543.1972171436472,5531.344632318651,115.5071476348731
2023-12-02,06000,5331.827130417292,538.1957127651584,5506.509987803322,114.55379086802614
2023-12-03,06000,5331.827130417292,538.1957127651584,5481.675343287992,114.55379086802614
2023-12-04,06000,5281.607552454164,533.1827130417292,5456.752929983311,113.58463742642287
2023-12-05,06000,5281.607552454164,533.1827130417292,5431.83051667863,113.58463742642287
2023-12-06,06000,5231.323350807626,528.1607552454165,5406.836254931084,112.60607145609765
2023-12-07,06000,5231.323350807626,528.1607552454165,5381.841993183538,112.60607145609765
2023-12-08,06000,5180.999253855718,523.1323350807627,5356.789729868484,111.62102526928163
2023-12-09,06000,5180.999253855718,523.1323350807627,5331.73746655343,111.62102526928163
2023-12-10,06000,5130.659819313294,518.0999253855719,5306.64017479535,110.63100339859514
2023-12-11,06000,5130.659819313294,518.0999253855719,5281.542883037269,110.63100339859514
2023-12-12,06000,5080.329434331373,513.0659819313295,5256.413152203444,109.63691967916436
2023-12-13,06000,5080.329434331373,513.0659819313295,5231.283421369619,109.63691967916436
2023-12-14,06000,5030.032286424641,508.0329434331373,5206.1336517610325,108.63944342872945
2023-12-15,06000,5030.032286424641,508.0329434331373,5180.983882152446,108.63944342872945
2023-12-16,06000,4979.792316422025,503.00322864246414,5155.826355549492,107.63914255303169
2023-12-17,06000,4979.792316422025,503.00322864246414,5130.668828946538,107.63914255303169
2023-12-18,06000,4929.633157402839,497.9792316422025,5105.515725507968,106.63654260834585
2023-12-19,06000,4929.633157402839,497.9792316422025,5080.362622069399,106.63654260834585
2023-12-20,06000,4879.578060653975,492.9633157402839,5055.226012424115,105.63215104908329
2023-12-21,06000,4879.578060653975,492.9633157402839,5030.089402778831,105.63215104908329
2023-12-22,06000,4829.649808587272,487.9578060653975,5004.981226912903,104.62646701615255
2023-12-23,06000,4829.649808587272,487.9578060653975,4979.873051046976,104.62646701615255
2023-12-24,06000,4779.870614275996,482.9649808587272,4954.805088472567,103.61998507711438
2023-12-25,06000,4779.870614275996,482.9649808587272,4929.737125898158,103.61998507711438
2023-12-26,06000,4730.262007393384,477.9870614275996,4904.7209586832905,102.6131963862659
2023-12-27,06000,4730.262007393384,477.9870614275996,4879.704791468423,102.6131963862659
2023-12-28,06000,4680.844706700716,473.02620073933844,4854.751760565559,101.60658868662746
2023-12-29,06000,4680.844706700716,473.02620073933844,4829.798729662696,101.60658868662746
2023-12-30,06000,4631.638479772334,468.08447067007165,4804.919884592484,100.60064572849284
2023-12-31,06000,4631.638479772334,468.08447067007165,4780.041039522272,100.60064572849284
2024-01-01,06000,4582.661991331809,463.16384797723344,4755.247081434107,99.5958463284405
2024-01-02,06000,4582.661991331809,463.16384797723344,4730.453123345942,99.5958463284405
2024-01-03,06000,4533.932642386177,458.2661991331809,4705.754341620399,98.59266314805679
2024-01-04,06000,4533.932642386177,458.2661991331809,4681.055559894856,98.59266314805679
2024-01-05,06000,4485.466403258215,453.3932642386177,4656.461762705876,97.5915612130795
2024-01-06,06000,4485.466403258215,453.3932642386177,4631.867965516896,97.5915612130795
2024-01-07,06000,4437.277644592493,448.5466403258215,4607.388405103382,96.59299617174544
2024-01-08,06000,4437.277644592493,448.5466403258215,4582.908844689868,96.59299617174544
2024-01-09,06000,4389.378971396673,443.72776445924933,4558.552138479048,95.59741228551992
2024-01-10,06000,4389.378971396673,443.72776445924933,4534.195432268229,95.59741228551992
2024-01-11,06000,4341.781066106731,438.93789713966726,4509.969481430657,94.60524014786769
2024-01-12,06000,4341.781066106731,438.93789713966726,4485.743530593085,94.60524014786769
2024-01-13,06000,4294.49254745036,434.17810661067307,4461.655438070578,93.61689413401433
2024-01-14,06000,4294.49254745036,434.17810661067307,4437.567345548072,93.61689413401433
2024-01-15,06000,4247.519852433908,429.449254745036,4413.623336054487,92.63276959544669
2024-01-16,06000,4247.519852433908,429.449254745036,4389.679326560901,92.63276959544669
2024-01-17,06000,4200.867148999079,424.7519852433909,4365.884671478474,91.6532398266362
2024-01-18,06000,4200.867148999079,424.7519852433909,4342.090016396047,91.6532398266362
2024-01-19,06000,4154.536286697924,420.086714899908,4318.448966836702,90.67865284772354
2024-01-20,06000,4154.536286697924,420.086714899908,4294.807917277358,90.67865284772354
2024-01-21,06000,4108.5267920485385,415.4536286697924,4271.323648807491,89.7093280651643
2024-01-22,06000,4108.5267920485385,415.4536286697924,4247.839380337624,89.7093280651643
2024-01-23,06000,4062.8359140216635,410.85267920485387,4224.513952931797,88.74555289184987
2024-01-24,06000,4062.8359140216635,410.85267920485387,4201.188525525969,88.74555289184987
2024-01-25,06000,4017.458723374532,406.2835914021664,4178.022862183105,87.78757942793345
2024-01-26,06000,4017.458723374532,406.2835914021664,4154.85719884024,87.78757942793345
2024-01-27,06000,3972.388267348915,401.7458723374532,4131.851085934308,86.83562132213461
2024-01-28,06000,3972.388267348915,401.7458723374532,4108.8449730283755,86.83562132213461
2024-01-29,06000,3927.615778695078,397.2388267348915,4085.997084863353,85.88985094900721
2024-01-30,06000,3927.615778695078,397.2388267348915,4063.1491966983303,85.88985094900721
2024-01-31,06000,3883.130935231973,392.76157786950785,4040.4571458980354,84.95039704867818
2024-02-01,06000,3883.130935231973,392.76157786950785,4017.7650950977404,84.95039704867818
2024-02-02,06000,3838.9221634045903,388.3130935231973,3995.2255094160937,84.0173429799816
2024-02-03,06000,3838.9221634045903,388.3130935231973,3972.685923734447,84.0173429799816
2024-02-04,06000,3794.9769767700936,383.8922163404591,3950.2945486727403,83.0907257339585
2024-02-05,06000,3794.9769767700936,383.8922163404591,3927.9031736110337,83.0907257339585
2024-02-06,06000,3826.7382172403477,379.4976976770094,3905.6549989505875,82.17053584097079
2024-02-07,06000,3826.7382172403477,379.4976976770094,3883.4068242901412,82.17053584097079
2024-02-08,06000,3863.0488767858883,382.6738217240348,3868.8418192792888,81.25671828043329
2024-02-09,06000,3863.0488767858883,382.6738217240348,3854.2768142684363,81.25671828043329
2024-02-10,06000,3856.0351773802304,386.30488767858884,3847.8201240775234,80.34917446749064
2024-02-11,06000,3856.0351773802304,386.30488767858884,3841.3634338866104,80.34917446749064
2024-02-12,06000,3854.8784498776085,385.6035177380231,3838.653858101432,79.44776534697831
2024-02-13,06000,3854.8784498776085,385.6035177380231,3835.9442823162535,79.44776534697831
2024-02-14,06000,3857.561964111348,385.48784498776087,3837.5399109635473,78.55231557390158
2024-02-15,06000,3857.561964111348,385.48784498776087,3839.135539610841,78.55231557390158
2024-02-16,06000,3863.1071933057087,385.75619641113485,3845.3940383449662,77.66261870463947
2024-02-17,06000,3863.1071933057087,385.75619641113485,3851.6525370790914,77.66261870463947
2024-02-18,06000,3870.8005480592406,386.3107193305709,3855.2894346856338,76.77844326809182
2024-02-19,06000,3870.8005480592406,386.3107193305709,3858.926332292176,76.77844326809182
2024-02-20,06000,3879.912800811157,387.0800548059241,3859.701499419505,75.89953953540189
2024-02-21,06000,3879.912800811157,387.0800548059241,3860.476666546834,75.89953953540189
2024-02-22,06000,3889.6305240768547,387.99128008111575,3862.864428889923,76.53476434480696
2024-02-23,06000,3889.6305240768547,387.99128008111575,3865.252191233012,76.53476434480696
2024-02-24,06000,3899.085983603842,388.9630524076855,3868.7273986529326,77.26097753571777
2024-02-25,06000,3899.085983603842,388.9630524076855,3872.202606072853,77.26097753571777
2024-02-26,06000,3907.429362499201,389.90859836038425,3876.355008022103,77.12070354760462
2024-02-27,06000,3907.429362499201,389.90859836038425,3880.507409971353,77.12070354760462
2024-02-28,06000,3913.90786360273,390.74293624992015,3884.9396268907003,77.09756899755217
2024-02-29,06000,3913.90786360273,390.74293624992015,3889.3718438100477,77.09756899755217
2024-03-01,06000,3917.928024844085,391.390786360273,3893.682575364408,77.15123928222698
2024-03-02,06000,3917.928024844085,391.390786360273,3897.993306918768,77.15123928222698
2024-03-03,06000,3919.0888919123377,391.7928024844085,3901.794829322069,77.26214386611419
2024-03-04,06000,3919.0888919123377,391.7928024844085,3905.5963517253695,77.26214386611419
2024-03-05,06000,3917.184470826469,391.9088891912338,3908.542188508931,77.41601096118482
2024-03-06,06000,3917.184470826469,391.9088891912338,3911.4880252924922,77.41601096118482
2024-03-07,06000,3912.181777678802,391.7184470826469,3913.297874014752,77.59825601622316
2024-03-08,06000,3912.181777678802,391.7184470826469,3915.1077227370115,77.59825601622316
2024-03-09,06000,3904.1844411908573,391.2181777678802,3915.582964254965,77.79261048153711
2024-03-10,06000,3904.1844411908573,391.2181777678802,3916.058205772919,77.79261048153711
2024-03-11,06000,3893.391625204653,390.41844411908573,3915.0858635317127,77.98171967207685
2024-03-12,06000,3893.391625204653,390.41844411908573,3914.1135212905065,77.98171967207685
2024-03-13,06000,3880.0595615944026,389.3391625204653,3911.6598813265446,78.14858724998403
2024-03-14,06000,3880.0595615944026,389.3391625204653,3909.2062413625827,78.14858724998403
2024-03-15,06000,3864.4698459869132,388.0059561594403,3905.303308330782,78.27815727205461
2024-03-16,06000,3864.4698459869132,388.0059561594403,3901.400375298981,78.27815727205461
2024-03-17,06000,3846.90594249232,386.44698459869136,3896.1289128150383,78.35856049688171
2024-03-18,06000,3846.90594249232,386.44698459869136,3890.8574503310956,78.35856049688171
2024-03-19,06000,3827.6375198659125,384.690594249232,3884.329866812448,78.38177783824676
2024-03-20,06000,3827.6375198659125,384.690594249232,3877.8022832938004,78.38177783824676
2024-03-21,06000,3806.911292472865,382.7637519865913,3870.147591161309,78.34368941652939
2024-03-22,06000,3806.911292472865,382.7637519865913,3862.492899028817,78.34368941652939
2024-03-23,06000,3784.9467423507995,380.69112924728654,3853.8448657556437,78.24363555357604
2024-03-24,06000,3784.9467423507995,380.69112924728654,3845.19683248247,78.24363555357604
2024-03-25,06000,3761.9351929418135,378.49467423507997,3835.685550558119,78.08368882381716
2024-03-26,06000,3761.9351929418135,378.49467423507997,3826.1742686337675,78.08368882381716
2024-03-27,06000,3738.0409802991926,376.1935192941814,3815.920803329238,77.86783250409307
2024-03-28,06000,3738.0409802991926,376.1935192941814,3805.6673380247084,77.86783250409307
2024-03-29,06000,3713.4037868672644,373.80409802991926,3794.78084180539,77.60119123188807
2024-03-30,06000,3713.4037868672644,373.80409802991926,3783.8943455860717,77.60119123188807
2024-03-31,06000,3688.141493231408,371.34037868672647,3772.470972286217,77.28939691973828
2024-04-01,06000,3688.141493231408,371.34037868672647,3761.0475989863626,77.28939691973828
2024-04-02,06000,3662.3531354191227,368.8141493231408,3749.1706190622353,76.9381188498464
2024-04-03,06000,3662.3531354191227,368.8141493231408,3737.293639138108,76.9381188498464
2024-04-04,06000,3636.1217256237887,366.2353135419123,3725.034278444946,76.55275039731826
2024-04-05,06000,3636.1217256237887,366.2353135419123,3712.7749177517835,76.55275039731826
2024-04-06,06000,3609.516810812176,363.6121725623789,3700.193571019976,76.13822584945731
2024-04-07,06000,3609.516810812176,363.6121725623789,3687.6122242881684,76.13822584945731
2024-04-08,06000,3524.4298905708274,360.95168108121766,3674.759807339462,75.69893484701599
2024-04-09,06000,3524.4298905708274,360.95168108121766,3661.9073903907556,75.69893484701599
2024-04-10,06000,3407.617852310188,352.44298905708274,3643.0100007611036,75.23870385883627
2024-04-11,06000,3407.617852310188,352.44298905708274,3624.1126111314516,75.23870385883627
2024-04-12,06000,3311.8363571575433,340.76178523101885,3596.060247039306,74.76081960598385
2024-04-13,06000,3311.8363571575433,340.76178523101885,3568.0078829471604,74.76081960598385
2024-04-14,06000,3225.8771768249826,331.18363571575435,3532.9562051209796,74.2680757373453
2024-04-15,06000,3225.8771768249826,331.18363571575435,3497.9045272947988,74.2680757373453
2024-04-16,06000,3145.02337878853,322.5877176824983,3456.8800724149332,73.76282986462816
2024-04-17,06000,3145.02337878853,322.5877176824983,3415.8556175350677,73.76282986462816
2024-04-18,06000,3067.282503389002,314.50233787885304,3369.406274332723,73.24706270838247
2024-04-19,06000,3067.282503389002,314.50233787885304,3322.9569311303785,73.24706270838247
2024-04-20,06000,2991.80506087707,306.72825033890024,3277.2421924122027,72.72243451247577
2024-04-21,06000,2991.80506087707,306.72825033890024,3231.527453694027,72.72243451247577
2024-04-22,06000,2918.2206908088747,299.180506087707,3189.946174550714,72.19033621624354
2024-04-23,06000,2918.2206908088747,299.180506087707,3148.3648954074015,72.19033621624354
2024-04-24,06000,2846.3596263111085,291.8220690808875,3109.003328772553,70.48859781141655
2024-04-25,06000,2846.3596263111085,291.8220690808875,3069.641762137704,70.48859781141655
2024-04-26,06000,2776.1359076962244,284.6359626311109,3031.6900070863194,68.15235704620378
2024-04-27,06000,2776.1359076962244,284.6359626311109,2993.7382520349347,68.15235704620378
2024-04-28,06000,2707.498475394408,277.6135907696225,2956.849504925689,66.23672714315087
2024-04-29,06000,2707.498475394408,277.6135907696225,2919.960757816443,66.23672714315087
2024-04-30,06000,2640.410733239591,270.74984753944085,2883.982355016982,64.51754353649966
2024-05-01,06000,2640.410733239591,270.74984753944085,2848.003952217521,64.51754353649966
2024-05-02,06000,2574.842041998113,264.0410733239591,2812.864519453782,62.90046757577061
2024-05-03,06000,2574.842041998113,264.0410733239591,2777.725086690043,62.90046757577061
2024-05-04,06000,2510.7642044515446,257.4842041998113,2743.3872218089527,61.34565006778005
2024-05-05,06000,2510.7642044515446,257.4842041998113,2709.0493569278624,61.34565006778005
2024-05-06,06000,2448.150033431467,251.07642044515447,2675.489814741886,59.8361012175414
2024-05-07,06000,2448.150033431467,251.07642044515447,2641.93027255591,59.8361012175414
2024-05-08,06000,2386.9727850764357,244.8150033431467,2609.131685129454,58.3644138161775
2024-05-09,06000,2386.9727850764357,244.8150033431467,2576.333097702998,58.3644138161775
2024-05-10,06000,2327.2059485321734,238.69727850764357,2544.2805286711955,56.92719252622218
2024-05-11,06000,2327.2059485321734,238.69727850764357,2512.227959639393,56.92719252622218
2024-05-12,06000,2268.8231802473238,232.72059485321734,2480.9074811686587,55.5227181539245
2024-05-13,06000,2268.8231802473238,232.72059485321734,2449.5870026979246,55.5227181539245
2024-05-14,06000,2211.7982951669346,226.8823180247324,2418.9851165228465,54.14996950788817
2024-05-15,06000,2211.7982951669346,226.8823180247324,2388.3832303477684,54.14996950788817
2024-05-16,06000,2156.105278887899,221.17982951669347,2358.4866394193086,52.80821466479182
2024-05-17,06000,2156.105278887899,221.17982951669347,2328.590048490849,52.80821466479182
2024-05-18,06000,2101.7183063209673,215.61052788878993,2299.385573036474,51.49684083996226
2024-05-19,06000,2101.7183063209673,215.61052788878993,2270.181097582099,51.49684083996226
2024-05-20,06000,2048.6117612472667,210.17183063209674,2241.6556497065467,50.215284089030895
2024-05-21,06000,2048.6117612472667,210.17183063209674,2213.1302018309943,50.215284089030895
2024-05-22,06000,1996.7602547476793,204.86117612472668,2185.270783102489,48.96300066862935
2024-05-23,06000,1996.7602547476793,204.86117612472668,2157.411364373984,48.96300066862935
2024-05-24,06000,1946.138641904654,199.67602547476793,2130.2050718240207,47.73945570152872
2024-05-25,06000,1946.138641904654,199.67602547476793,2102.9987792740576,47.73945570152872
2024-05-26,06000,1896.7220367115801,194.6138641904654,2076.4328139478457,46.54411897064347
2024-05-27,06000,1896.7220367115801,194.6138641904654,2049.866848621634,46.54411897064347
2024-05-28,06000,1848.4858253058976,189.67220367115803,2023.9285244040075,45.37646360494648
2024-05-29,06000,1848.4858253058976,189.67220367115803,1997.9902001863811,45.37646360494648
2024-05-30,06000,1801.4056776865066,184.84858253058977,1972.6669520848955,44.235965903338695
2024-05-31,06000,1801.4056776865066,184.84858253058977,1947.3437039834098,44.235965903338695
2024-06-01,06000,1755.4575580716555,180.14056776865067,1922.6230956273503,43.12210557775799
2024-06-02,06000,1755.4575580716555,180.14056776865067,1897.9024872712907,43.12210557775799
2024-06-03,06000,1710.6177340347053,175.54575580716556,1873.7722176036914,42.03436612641935
2024-06-04,06000,1710.6177340347053,175.54575580716556,1849.641947936092,42.03436612641935
2024-06-05,06000,1666.86278453476,171.06177340347054,1826.0898571490834,40.97223522494534
2024-06-06,06000,1666.86278453476,171.06177340347054,1802.5377663620748,40.97223522494534
2024-06-07,06000,1624.1696069411703,166.686278453476,1779.5518411443918,39.93520509495359
2024-06-08,06000,1624.1696069411703,166.686278453476,1756.5659159267088,39.93520509495359
2024-06-09,06000,1582.515423136295,162.41696069411705,1734.1342940902396,38.92277283809308
2024-06-10,06000,1582.515423136295,162.41696069411705,1711.7026722537703,38.92277283809308
2024-06-11,06000,1541.8777847692913,158.25154231362953,1689.8136467987497,37.93444073423161
2024-06-12,06000,1541.8777847692913,158.25154231362953,1667.924621343729,37.93444073423161
2024-06-13,06000,1502.2345777246294,154.18777847692914,1646.566644013481,36.969716506117955
2024-06-14,06000,1502.2345777246294,154.18777847692914,1625.2086666832329,36.969716506117955
2024-06-15,06000,1463.5640258618732,150.22345777246295,1604.3703510522319,36.02811355373014
2024-06-16,06000,1463.5640258618732,150.22345777246295,1583.5320354212308,36.02811355373014
2024-06-17,06000,1425.844694077592,146.35640258618733,1563.2021595539409,35.10915116143311
2024-06-18,06000,1425.844694077592,146.35640258618733,1542.872283686651,35.10915116143311
2024-06-19,06000,1389.0554907356995,142.5844694077592,1523.03979240029,34.21235468069411
2024-06-20,06000,1389.0554907356995,142.5844694077592,1503.2073011139291,34.21235468069411
2024-06-21,06000,1353.1756695087715,138.90554907356997,1483.8613078738563,33.3372556906952
2024-06-22,06000,1353.1756695087715,138.90554907356997,1464.5153146337834,33.3372556906952
2024-06-23,06000,1318.184830669762,135.31756695087716,1445.6451031077304,32.48339213882341
2024-06-24,06000,1318.184830669762,135.31756695087716,1426.7748915816774,32.48339213882341
2024-06-25,06000,1284.0629218708932,131.8184830669762,1408.369916876196,31.650308462725906
2024-06-26,06000,1284.0629218708932,131.8184830669762,1389.9649421707145,31.650308462725906
2024-06-27,06000,1250.7902384441632,128.40629218708932,1372.0148317716084,30.83755569538583
2024-06-28,06000,1250.7902384441632,128.40629218708932,1354.0647213725024,30.83755569538583
2024-06-29,06000,1218.347423255897,125.07902384441633,1336.5592758091516,30.04469155449259
2024-06-30,06000,1218.347423255897,125.07902384441633,1319.0538302458008,30.04469155449259
2024-07-01,06000,1186.7154661459208,121.8347423255897,1301.983023497829,29.271280517237468
2024-07-02,06000,1186.7154661459208,121.8347423255897,1284.9122167498572,29.271280517237468
2024-07-03,06000,1155.8757029802748,118.67154661459209,1268.2661964135768,28.51689388155184
2024-07-04,06000,1155.8757029802748,118.67154661459209,1251.6201760772965,28.51689388155184
2024-07-05,06000,1125.8098143448442,115.58757029802749,1235.389263308345,27.781109814713997
2024-07-06,06000,1125.8098143448442,115.58757029802749,1219.1583505393937,27.781109814713997
2024-07-07,06000,1096.4998239058496,112.58098143448443,1203.3330397868122,27.063513390175434
2024-07-08,06000,1096.4998239058496,112.58098143448443,1187.5077290342306,27.063513390175434
2024-07-09,06000,1067.9280964618051,109.64998239058497,1172.0786875803897,26.36369661339524
2024-07-10,06000,1067.9280964618051,109.64998239058497,1156.6496461265488,26.36369661339524
2024-07-11,06000,1040.077335710268,106.79280964618052,1141.607713447127,25.681258437417867
2024-07-12,06000,1040.077335710268,106.79280964618052,1126.5657807677053,25.681258437417867
2024-07-13,06000,1012.9305817515178,104.0077335710268,1111.901967724145,25.015804768883267
2024-07-14,06000,1012.9305817515178,104.0077335710268,1097.2381546805846,25.015804768883267
2024-07-15,06000,986.4712083501469,101.29305817515178,1082.943642557715,24.366948465117943
2024-07-16,06000,986.4712083501469,101.29305817515178,1068.6491304348456,24.366948465117943
2024-07-17,06000,960.6829199744571,98.64712083501469,1054.7152698353748,23.73430932291842
2024-07-18,06000,960.6829199744571,98.64712083501469,1040.781409235904,23.73430932291842
2024-07-19,06000,935.549748632513,96.06829199744573,1027.1997188427777,23.117514059605497
2024-07-20,06000,935.549748632513,96.06829199744573,1013.6180284496513,23.117514059605497
2024-07-21,06000,911.056050522702,93.5549748632513,1000.3801936667296,22.516196286896886
2024-07-22,06000,911.056050522702,93.5549748632513,987.1423588838079,22.516196286896886
2024-07-23,06000,887.1865025157047,91.1056050522702,974.2402303650451,21.929996478116994
2024-07-24,06000,887.1865025157047,91.1056050522702,961.3381018462824,21.929996478116994
2024-07-25,06000,863.9260984838477,88.71865025157047,948.7636939226941,21.358561929236103
2024-07-26,06000,863.9260984838477,88.71865025157047,936.1892859991058,21.358561929236103
2024-07-27,06000,841.2601454929516,86.39260984838478,923.934775012458,20.80154671420536
2024-07-28,06000,841.2601454929516,86.39260984838478,911.6802640258102,20.80154671420536
2024-07-29,06000,819.1742598709376,84.12601454929516,899.7379865776456,20.25861163503036
2024-07-30,06000,819.1742598709376,84.12601454929516,887.7957091294811,20.25861163503036
2024-07-31,06000,797.6543631666555,81.91742598709376,876.1581602533406,19.72942416700294
2023-08-01,36000,0.0,0.0,0.0,0.0
2023-08-02,36000,0.0,0.0,0.0,0.0
2023-08-03,36000,0.0,0.0,0.0,0.0
2023-08-04,36000,0.0,0.0,0.0,0.0
2023-08-05,36000,0.0,0.0,0.0,0.0
2023-08-06,36000,1809.9092305786146,0.0,0.0,0.0
2023-08-07,36000,1809.9092305786146,0.0,0.0,0.0
2023-08-08,36000,3820.611149655525,180.99092305786147,180.99092305786147,0.0
2023-08-09,36000,3820.611149655525,180.99092305786147,361.98184611572293,0.0
2023-08-10,36000,4624.946882996206,382.0611149655525,744.0429610812755,0.0
2023-08-11,36000,4624.946882996206,382.0611149655525,1126.1040760468281,0.0
2023-08-12,36000,4929.890836591923,462.49468829962063,1588.5987643464487,0.0
2023-08-13,36000,4929.890836591923,462.49468829962063,2051.093452646069,0.0
2023-08-14,36000,5027.7957255914025,492.9890836591924,2544.082536305262,0.0
2023-08-15,36000,5027.7957255914025,492.9890836591924,3037.071619964454,0.0
2023-08-16,36000,5039.622276324453,502.77957255914026,3539.8511925235944,0.0
2023-08-17,36000,5039.622276324453,502.77957255914026,4042.630765082735,0.0
2023-08-18,36000,5015.446666653528,503.9622276324453,4365.602069657319,0.0
2023-08-19,36000,5015.446666653528,503.9622276324453,4688.573374231903,0.0
2023-08-20,36000,4976.018419002778,501.54466666535285,4808.056925931703,0.0
2023-08-21,36000,4976.018419002778,501.54466666535285,4927.540477631503,0.0
2023-08-22,36000,4929.950521878167,497.6018419002778,4962.647631232159,36.198184611572295
2023-08-23,36000,4929.950521878167,497.6018419002778,4997.754784832816,36.198184611572295
2023-08-24,36000,4880.832066966725,492.9950521878167,4997.76075336144,76.4122229931105
2023-08-25,36000,4880.832066966725,492.9950521878167,4997.766721890064,76.4122229931105
2023-08-26,36000,4830.171917510988,488.0832066966725,4983.070356027596,92.49893765992414
2023-08-27,36000,4830.171917510988,488.0832066966725,4968.373990165128,92.49893765992414
2023-08-28,36000,4778.61725556144,483.01719175109884,4947.4289542837805,98.59781673183848
2023-08-29,36000,4778.61725556144,483.01719175109884,4926.483918402435,98.59781673183848
2023-08-30,36000,4726.458103831317,477.86172555614405,4902.800977293226,100.55591451182806
2023-08-31,36000,4726.458103831317,477.86172555614405,4879.118036184018,100.55591451182806
2023-09-01,36000,4673.83624708708,472.64581038313173,4854.162004666872,100.79244552648908
2023-09-02,36000,4673.83624708708,472.64581038313173,4829.205973149727,100.79244552648908
2023-09-03,36000,4620.831751196443,467.383624708708,4803.594545670618,100.30893333307057
2023-09-04,36000,4620.831751196443,467.383624708708,4777.983118191509,100.30893333307057
2023-09-05,36000,4567.498787547853,462.08317511964435,4751.98308661448,99.52036838005557
2023-09-06,36000,4567.498787547853,462.08317511964435,4725.983055037452,99.52036838005557
2023-09-07,36000,4513.8804578760855,456.7498787547853,4699.715742041139,98.59901043756335
2023-09-08,36000,4513.8804578760855,456.7498787547853,4673.448429044824,98.59901043756335
2023-09-09,36000,4460.014919230367,451.3880457876086,4646.974749276289,97.6166413393345
2023-09-10,36000,4460.014919230367,451.3880457876086,4620.501069507754,97.6166413393345
2023-09-11,36000,4405.9379047470775,446.0014919230367,4593.856751047659,96.60343835021978
2023-09-12,36000,4405.9379047470775,446.0014919230367,4567.212432587563,96.60343835021978
2023-09-13,36000,4351.683751754187,440.59379047470776,4540.422598353563,95.57234511122881
2023-09-14,36000,4351.683751754187,440.59379047470776,4513.632764119564,95.57234511122881
2023-09-15,36000,4297.28581235389,435.16837517541876,4486.717964175337,94.52916207662635
2023-09-16,36000,4297.28581235389,435.16837517541876,4459.803164231111,94.52916207662635
2023-09-17,36000,4242.776609264541,429.728581235389,4432.7818667117135,93.47672494174161
2023-09-18,36000,4242.776609264541,429.728581235389,4405.760569192316,93.47672494174161
2023-09-19,36000,4188.187887328379,424.2776609264541,4378.650184331162,92.41663502392888
2023-09-20,36000,4188.187887328379,424.2776609264541,4351.539799470007,92.41663502392888
2023-09-21,36000,4133.550623042243,418.8187887328379,4324.357096279809,91.34997575095707
2023-09-22,36000,4133.550623042243,418.8187887328379,4297.174393089612,91.34997575095707
2023-09-23,36000,4078.8950179544463,413.35506230422436,4269.935664919129,90.27760915752172
2023-09-24,36000,4078.8950179544463,413.35506230422436,4242.696936748645,90.27760915752172
2023-09-25,36000,4024.250486623706,407.88950179544463,4215.418063368674,89.20029838460735
2023-09-26,36000,4024.250486623706,407.88950179544463,4188.139189988702,89.20029838460735
2023-09-27,36000,3969.645643549657,402.4250486623706,4160.835657415686,88.11875809494155
2023-09-28,36000,3969.645643549657,402.4250486623706,4133.53212484267,88.11875809494155
2023-09-29,36000,3915.1082908735248,396.9645643549657,4106.219028271182,87.03367503508376
2023-09-30,36000,3915.1082908735248,396.9645643549657,4078.9059316996936,87.03367503508376
2023-10-01,36000,3860.6654075616807,391.5108290873525,4051.597972054209,85.94571624707781
2023-10-02,36000,3860.6654075616807,391.5108290873525,4024.2900124087246,85.94571624707781
2023-10-03,36000,3806.34314033198,386.0665407561681,3997.001490860668,84.85553218529083
2023-10-04,36000,3806.34314033198,386.0665407561681,3969.7129693126117,84.85553218529083
2023-10-05,36000,3752.1667963929576,380.63431403319805,3942.4577815503653,83.76375774656759
2023-10-06,36000,3752.1667963929576,380.63431403319805,3915.202593788119,83.76375774656759
2023-10-07,36000,3698.1608379855466,375.21667963929576,3887.9942247650433,82.67101246084488
2023-10-08,36000,3698.1608379855466,375.21667963929576,3860.7858557419677,82.67101246084488
2023-10-09,36000,3644.3488786822627,369.8160837985547,3833.637375185557,81.57790035908893
2023-10-10,36000,3644.3488786822627,369.8160837985547,3806.4888946291467,81.57790035908893
2023-10-11,36000,3590.7536813832253,364.43488786822627,3779.4129534100175,80.48500973247413
2023-10-12,36000,3590.7536813832253,364.43488786822627,3752.3370121908883,80.48500973247413
2023-10-13,36000,3537.39715794108,359.0753681383226,3725.3458395730413,79.39291287099314
2023-10-14,36000,3537.39715794108,359.0753681383226,3698.3546669551943,79.39291287099314
2023-10-15,36000,3484.3003703431386,353.739715794108,3671.4600687161037,78.3021658174705
2023-10-16,36000,3484.3003703431386,353.739715794108,3644.565470477013,78.3021658174705
2023-10-17,36000,3431.483533377068,348.4300370343139,3617.7788278720327,77.21330815123362
2023-10-18,36000,3431.483533377068,348.4300370343139,3590.9921852670523,77.21330815123362
2023-10-19,36000,3378.9660187053255,343.1483533377068,3564.324454806203,76.12686280663961
2023-10-20,36000,3378.9660187053255,343.1483533377068,3537.6567243453537,76.12686280663961
2023-10-21,36000,3326.7663602730413,337.89660187053255,3511.118438347661,75.04333592785916
2023-10-22,36000,3326.7663602730413,337.89660187053255,3484.5801523499686,75.04333592785916
2023-10-23,36000,3274.902260973836,332.67663602730414,3458.1814202389505,73.96321675971095
2023-10-24,36000,3274.902260973836,332.67663602730414,3431.7826881279325,73.96321675971095
2023-10-25,36000,3223.3906004983282,327.4902260973836,3405.5331984312106,72.88697757364525
2023-10-26,36000,3223.3906004983282,327.4902260973836,3379.283708734485,72.88697757364525
2023-10-27,36000,3172.2474442905027,322.3390600498328,3353.1927317500013,71.81507362766452
2023-10-28,36000,3172.2474442905027,322.3390600498328,3327.1017547655174,71.81507362766452
2023-10-29,36000,3121.48805353786,317.2247444290503,3301.1781458568585,70.7479431588216
2023-10-30,36000,3121.48805353786,317.2247444290503,3275.2545369481995,70.7479431588216
2023-10-31,36000,3071.1268961222477,312.14880535378603,3249.5067404314505,69.68600740686279
2023-11-01,36000,3071.1268961222477,312.14880535378603,3223.7589439147014,69.68600740686279
2023-11-02,36000,3021.1776584593995,307.11268961222476,3198.1949974996205,68.62967066754136
2023-11-03,36000,3021.1776584593995,307.11268961222476,3172.6310510845396,68.62967066754136
2023-11-04,36000,2971.6532581566375,302.11776584593997,3147.258590833095,67.57932037410652
2023-11-05,36000,2971.6532581566375,302.11776584593997,3121.8861305816536,67.57932037410652
2023-11-06,36000,3279.863186781032,297.1653258156638,3096.712396347488,66.53532720546083
2023-11-07,36000,3279.863186781032,297.1653258156638,3071.538662113322,66.53532720546083
2023-11-08,36000,3802.8094701898353,327.9863186781032,3082.3002363623746,65.49804521947672
2023-11-09,36000,3802.8094701898353,327.9863186781032,3093.061810611427,65.49804521947672
2023-11-10,36000,4246.44662980586,380.28094701898357,3161.193952276626,64.46781200996656
2023-11-11,36000,4246.44662980586,380.28094701898357,3229.326093941825,64.46781200996656
2023-11-12,36000,4682.774825586004,424.64466298058596,3346.8580673101897,63.444948885810064
2023-11-13,36000,4682.774825586004,424.64466298058596,3464.390040678554,63.444948885810064
2023-11-14,36000,5140.822751590335,468.27748255860047,3630.5497573912144,62.42976107075721
2023-11-15,36000,5140.822751590335,468.27748255860047,3796.7094741038745,62.42976107075721
2023-11-16,36000,5633.520502713103,514.0822751590335,4013.62642344724,61.42253792244495
2023-11-17,36000,5633.520502713103,514.0822751590335,4230.543372790606,61.42253792244495
2023-11-18,36000,6167.8325654641685,563.3520502713103,4465.9091043838125,60.423553169188
2023-11-19,36000,6167.8325654641685,563.3520502713103,4701.274835977019,60.423553169188
2023-11-20,36000,6748.575135632202,616.7832565464169,4937.777145504457,59.43306516313276
2023-11-21,36000,6748.575135632202,616.7832565464169,5174.279455031894,59.43306516313276
2023-11-22,36000,7379.84802918162,674.8575135632202,5424.492305614527,65.59726373562064
2023-11-23,36000,7379.84802918162,674.8575135632202,5674.70515619716,65.59726373562064
2023-11-24,36000,8065.562908595122,737.9848029181621,5944.412476556718,76.05618940379672
2023-11-25,36000,8065.562908595122,737.9848029181621,6214.119796916275,76.05618940379672
2023-11-26,36000,8809.626069030639,806.5562908595123,6506.593812616753,84.92893259611719
2023-11-27,36000,8809.626069030639,806.5562908595123,6799.067828317231,84.92893259611719
2023-11-28,36000,9615.985636202011,880.9626069030639,7116.6783849489875,93.6554965117201
2023-11-29,36000,9615.985636202011,880.9626069030639,7434.288941580744,93.6554965117201
2023-11-30,36000,10488.62154130964,961.5985636202012,7779.104248654527,102.81645503180671
2023-12-01,36000,10488.62154130964,961.5985636202012,8123.919555728309,102.81645503180671
2023-12-02,36000,11431.50698924759,1048.862154130964,8497.924196296051,112.67041005426206
2023-12-03,36000,11431.50698924759,1048.862154130964,8871.928836863794,112.67041005426206
2023-12-04,36000,12448.551389185197,1143.150698924759,9277.094732870391,123.35665130928338
2023-12-05,36000,12448.551389185197,1143.150698924759,9682.26062887699,123.35665130928338
2023-12-06,36000,13543.527668013703,1244.8551389185197,10120.559476936003,134.97150271264405
2023-12-07,36000,13543.527668013703,1244.8551389185197,10558.858324995017,134.97150271264405
2023-12-08,36000,14719.98430494014,1354.3527668013703,11032.248484893324,147.59696058363244
2023-12-09,36000,14719.98430494014,1354.3527668013703,11505.63864479163,147.59696058363244
2023-12-10,36000,15981.141595715288,1471.9984304940142,12016.038511665443,161.31125817190247
2023-12-11,36000,15981.141595715288,1471.9984304940142,12526.438378539257,161.31125817190247
2023-12-12,36000,17329.771569795917,1598.114159571529,13075.690383979818,176.1925213806128
2023-12-13,36000,17329.771569795917,1598.114159571529,13624.942389420386,176.1925213806128
2023-12-14,36000,18768.06127978351,1732.9771569795919,14214.768847475214,192.31971272404024
2023-12-15,36000,18768.06127978351,1732.9771569795919,14804.595305530042,192.31971272404024
2023-12-16,36000,20297.459738757727,1876.806127978351,15436.546294589876,209.77243082619282
2023-12-17,36000,20297.459738757727,1876.806127978351,16068.49728364971,209.77243082619282
2023-12-18,36000,21918.509565288085,2029.7459738757727,16743.890490724116,228.63013978495178
2023-12-19,36000,21918.509565288085,2029.7459738757727,17419.28369779852,228.63013978495178
2023-12-20,36000,23630.66540353684,2191.8509565288086,18139.136223833317,248.97102778370396
2023-12-21,36000,23630.66540353684,2191.8509565288086,18858.988749868113,248.97102778370396
2023-12-22,36000,25432.102414163983,2363.066540353684,19623.941130650273,270.8705533602741
2023-12-23,36000,25432.102414163983,2363.066540353684,20388.893511432427,270.8705533602741
2023-12-24,36000,27319.51956567919,2543.2102414163983,21199.12659586924,294.3996860988029
2023-12-25,36000,27319.51956567919,2543.2102414163983,22009.35968030605,294.3996860988029
2023-12-26,36000,29287.9440587512,2731.9519565679193,22864.505508895614,319.62283191430583
2023-12-27,36000,29287.9440587512,2731.9519565679193,23719.65133748518,319.62283191430583
2023-12-28,36000,31330.544921847446,2928.79440587512,24618.69976948452,346.5954313959184
2023-12-29,36000,31330.544921847446,2928.79440587512,25517.74820148386,346.5954313959184
2023-12-30,36000,33438.465524386855,3133.054492184745,26458.951737139796,375.36122559567025
2023-12-31,36000,33438.465524386855,3133.054492184745,27400.15527279573,375.36122559567025
2024-01-01,36000,35600.6863238515,3343.8465524386856,28380.935284880732,405.9491947751546
2024-01-02,36000,35600.6863238515,3343.8465524386856,29361.715296965733,405.9491947751546
2024-01-03,36000,37803.9304187737,3560.06863238515,30378.57368793449,438.37019130576175
2024-01-04,36000,37803.9304187737,3560.06863238515,31395.43207890325,438.37019130576175
2024-01-05,36000,40032.62521164761,3780.3930418773703,32443.873164212695,472.6133080707368
2024-01-06,36000,40032.62521164761,3780.3930418773703,33492.314249522155,472.6133080707368
2024-01-07,36000,42268.93346852279,4003.262521164761,34566.78236481179,508.6420482832797
2024-01-08,36000,42268.93346852279,4003.262521164761,35641.25048010143,508.6420482832797
2024-01-09,36000,44492.86607374776,4226.893346852279,36735.089334768956,546.3903913135839
2024-01-10,36000,44492.86607374776,4226.893346852279,37828.92818943648,546.3903913135839
2024-01-11,36000,46682.48663211935,4449.286607374776,38934.368244372585,585.758881175024
2024-01-12,36000,46682.48663211935,4449.286607374776,40039.80829930869,585.758881175024
2024-01-13,36000,48814.214650563816,4668.248663211935,41147.98833013547,626.610898436949
2024-01-14,36000,48814.214650563816,4668.248663211935,42256.168360962256,626.610898436949
2024-01-15,36000,50863.229330783885,4881.421465056382,43357.196784141284,668.7693104877371
2024-01-16,36000,50863.229330783885,4881.421465056382,44458.2252073203,668.7693104877371
2024-01-17,36000,52803.97016012807,5086.322933078389,45541.28561923394,712.0137264770301
2024-01-18,36000,52803.97016012807,5086.322933078389,46624.34603114758,712.0137264770301
2024-01-19,36000,54610.72380367757,5280.397016012807,47677.849700308114,756.0786083754741
2024-01-20,36000,54610.72380367757,5280.397016012807,48731.35336946865,756.0786083754741
2024-01-21,36000,56258.27974863228,5461.072380367757,49743.139142461616,800.6525042329522
2024-01-22,36000,56258.27974863228,5461.072380367757,50754.92491545458,800.6525042329522
2024-01-23,36000,57722.63035010331,5625.8279748632285,51712.50422710588,845.3786693704559
2024-01-24,36000,57722.63035010331,5625.8279748632285,52670.08353875717,845.3786693704559
2024-01-25,36000,58981.68508460894,5772.263035010332,53560.92510871112,889.8573214749554
2024-01-26,36000,58981.68508460894,5772.263035010332,54451.766678665066,889.8573214749554
2024-01-27,36000,60015.96465400831,5898.168508460894,55263.61225404756,933.6497326423871
2024-01-28,36000,60015.96465400831,5898.168508460894,56075.45782943006,933.6497326423871
2024-01-29,36000,60809.23873012881,6001.596465400831,56796.65727881808,976.2842930112764
2024-01-30,36000,60809.23873012881,6001.596465400831,57517.8567282061,976.2842930112764
2024-01-31,36000,61349.07203012935,6080.923873012882,58137.70822085123,1017.2645866156778
2024-02-01,36000,61349.07203012935,6080.923873012882,58757.55971349633,1017.2645866156778
2024-02-02,36000,61627.24722824185,6134.9072030129355,59266.63894164606,1056.0794032025615
2024-02-03,36000,61627.24722824185,6134.9072030129355,59775.718169795786,1056.0794032025615
2024-02-04,36000,61640.039774085264,6162.724722824186,60166.17985760962,1092.2144760735516
2024-02-05,36000,61640.039774085264,6162.724722824186,60556.64154542345,1092.2144760735516
2024-02-06,36000,91532.63493467719,6164.003977408527,60822.47701437108,1125.1655949726457
2024-02-07,36000,91532.63493467719,6164.003977408527,61088.3124833187,1125.1655949726457
2024-02-08,36000,123458.92526136909,9153.263493467719,64239.97951138558,1154.4526070020663
2024-02-09,36000,123458.92526136909,9153.263493467719,67391.64653945246,1154.4526070020663
2024-02-10,36000,139440.16701488613,12345.89252613691,73656.61519257646,1179.6337016921789
2024-02-11,36000,139440.16701488613,12345.89252613691,79921.58384570049,1179.6337016921789
2024-02-12,36000,156604.1648166691,13944.016701488614,87730.69334417616,1200.3192930801663
2024-02-13,36000,156604.1648166691,13944.016701488614,95539.80284265184,1200.3192930801663
2024-02-14,36000,172543.99805069575,15660.41648166691,105037.49460149457,1216.1847746025765
2024-02-15,36000,172543.99805069575,15660.41648166691,114535.1863603373,1216.1847746025765
2024-02-16,36000,185492.79131992583,17254.399805069577,125625.58218799834,1226.981440602587
2024-02-17,36000,185492.79131992583,17254.399805069577,136715.97801565938,1226.981440602587
2024-02-18,36000,194077.98367650277,18549.279131992585,146111.99365418428,1232.5449445648374
2024-02-19,36000,194077.98367650277,18549.279131992585,155508.00929270918,1232.5449445648374
2024-02-20,36000,197403.12039416377,19407.798367650277,162569.91513422254,1232.8007954817056
2024-02-21,36000,197403.12039416377,19407.798367650277,169631.8209757359,1232.8007954817056
2024-02-22,36000,195171.86638728424,19740.312039416378,175428.11631366366,1830.652698693544
2024-02-23,36000,195171.86638728424,19740.312039416378,181224.41165159142,1830.652698693544
2024-02-24,36000,187720.74012653186,19517.186638728424,185081.18180865288,2469.178505227382
2024-02-25,36000,187720.74012653186,19517.186638728424,188937.95196571446,2469.178505227382
2024-02-26,36000,175920.43387131966,18772.074012653185,190455.6261732981,2788.803340297723
2024-02-27,36000,175920.43387131966,18772.074012653185,191973.30038088176,2788.803340297723
2024-02-28,36000,160975.8818846478,17592.043387131966,191016.06463602115,3132.0832963333823
2024-02-29,36000,160975.8818846478,17592.043387131966,190058.82889116055,3132.0832963333823
2024-03-01,36000,144192.79681169358,16097.58818846478,186748.61871197505,3450.879961013916
2024-03-02,36000,144192.79681169358,16097.58818846478,183438.40853278956,3450.879961013916
2024-03-03,36000,126777.1871308429,14419.279681169359,178117.37617454247,3709.8558263985174
2024-03-04,36000,126777.1871308429,14419.279681169359,172796.34381629538,3709.8558263985174
2024-03-05,36000,109706.65255311015,12677.71871308429,165956.87589065125,3881.5596735300555
2024-03-06,36000,109706.65255311015,12677.71871308429,159117.407965007,3881.5596735300555
2024-03-07,36000,93679.21472898257,10970.665255311016,151315.99920766486,3948.0624078832757
2024-03-08,36000,93679.21472898257,10970.665255311016,143514.59045032272,3948.0624078832757
2024-03-09,36000,79122.732725446,9367.921472898257,135290.46853608894,3903.4373277456853
2024-03-10,36000,79122.732725446,9367.921472898257,127066.34662185516,3903.4373277456853
2024-03-11,36000,66239.85123667063,7912.2732725446,118881.03170593502,3754.414802530637
2024-03-12,36000,66239.85123667063,7912.2732725446,110695.71679001488,3754.414802530637
2024-03-13,36000,55066.07291693016,6623.985123667063,102900.42223251262,3518.4086774263933
2024-03-14,36000,55066.07291693016,6623.985123667063,95105.12767501036,3518.4086774263933
2024-03-15,36000,45525.84214220075,5506.607291693017,87934.0162536191,3219.517637692956
2024-03-16,36000,45525.84214220075,5506.607291693017,80762.90483222785,3219.517637692956
2024-03-17,36000,37478.932400586265,4552.584214220075,74344.82379113685,2883.855936233872
2024-03-18,36000,37478.932400586265,4552.584214220075,67926.74275004584,2883.855936233872
2024-03-19,36000,30754.850094790163,3747.893240058627,62306.7145172063,2535.5437426168583
2024-03-20,36000,30754.850094790163,3747.893240058627,56686.68628436676,2535.5437426168583
2024-03-21,36000,25176.091718439602,3075.4850094790163,51849.89802130114,2194.1330510622033
2024-03-22,36000,25176.091718439602,3075.4850094790163,47013.109758235514,2194.1330510622033
2024-03-23,36000,20572.434594244594,2517.60917184396,42906.733806412434,1873.5842945796514
2024-03-24,36000,20572.434594244594,2517.60917184396,38800.357854589354,1873.5842945796514
2024-03-25,36000,16788.688794514448,2057.2434594244596,35350.99402232084,1582.4546545089202
2024-03-26,36000,16788.688794514448,2057.2434594244596,31901.630190052325,1582.4546545089202
2024-03-27,36000,13688.044396887848,1678.8688794514449,29027.914855283685,1324.7970247334126
2024-03-28,36000,13688.044396887848,1678.8688794514449,26154.199520515045,1324.7970247334126
2024-03-29,36000,11152.66926060203,1368.804439688785,23775.110720145167,1101.3214583386034
2024-03-30,36000,11152.66926060203,1368.804439688785,21396.02191977529,1101.3214583386034
2024-03-31,36000,9082.73655194316,1115.266926060203,19435.8038363565,910.5168428440152
2024-04-01,36000,9082.73655194316,1115.266926060203,17475.58575293771,910.5168428440152
2024-04-02,36000,7394.667090386318,908.2736551943161,15866.250236288062,749.5786480117254
2024-04-03,36000,7394.667090386318,908.2736551943161,14256.914719638415,749.5786480117254
2024-04-04,36000,6019.07724038043,739.4667090386318,12939.137969252537,615.0970018958033
2024-04-05,36000,6019.07724038043,739.4667090386318,11621.36121886666,615.0970018958033
2024-04-06,36000,4898.7185117933095,601.907724038043,10544.400063453242,503.52183436879204
2024-04-07,36000,4898.7185117933095,601.907724038043,9467.438908039825,503.52183436879204
2024-04-08,36000,3629.0449995499375,489.871851179331,8588.506319530308,411.44869188489196
2024-04-09,36000,3629.0449995499375,489.871851179331,7709.5737310207915,411.44869188489196
2024-04-10,36000,2453.5112599551194,362.90449995499375,6957.211304915603,335.773775890289
2024-04-11,36000,2453.5112599551194,362.90449995499375,6204.848878810415,335.773775890289
2024-04-12,36000,1685.342748352543,245.35112599551195,5541.926349611604,273.760887937757
2024-04-13,36000,1685.342748352543,245.35112599551195,4879.003820412792,273.760887937757
2024-04-14,36000,1173.6803448802598,168.5342748352543,4308.071386209456,223.05338521204064
2024-04-15,36000,1173.6803448802598,168.5342748352543,3737.1389520061202,223.05338521204064
2024-04-16,36000,826.8411473774215,117.36803448802598,3252.599262456177,181.65473103886325
2024-04-17,36000,826.8411473774215,117.36803448802598,2768.0595729062334,181.65473103886325
2024-04-18,36000,588.0460094621718,82.68411473774216,2360.8718364647357,147.8933418077264
2024-04-19,36000,588.0460094621718,82.68411473774216,1953.684100023238,147.8933418077264
2024-04-20,36000,421.4251906315726,58.804600946217185,1649.5842010144843,120.38154480760862
2024-04-21,36000,421.4251906315726,58.804600946217185,1345.4843020057306,120.38154480760862
2024-04-22,36000,303.8552800249083,42.142519063157266,1142.2756950734183,97.9743702358662
2024-04-23,36000,303.8552800249083,42.142519063157266,939.0670881411061,97.9743702358662
2024-04-24,36000,220.1318839791204,30.385528002490833,800.9183413083665,72.58089999099876
2024-04-25,36000,220.1318839791204,30.385528002490833,662.769594475627,72.58089999099876
2024-04-26,36000,160.06960647826935,22.013188397912042,567.4147483854322,49.070225199102396
2024-04-27,36000,160.06960647826935,22.013188397912042,472.0599022952374,49.070225199102396
2024-04-28,36000,116.72885427093446,16.006960647826936,405.38274820533115,33.706854967050866
2024-04-29,36000,116.72885427093446,16.006960647826936,338.7055941154249,33.706854967050866
2024-04-30,36000,85.31070595936247,11.672885427093448,291.573878596304,23.473606897605197
2024-05-01,36000,85.31070595936247,11.672885427093448,244.44216307718307,23.473606897605197
2024-05-02,36000,62.454244504896906,8.531070595936248,210.8307146099396,16.536822947548433
2024-05-03,36000,62.454244504896906,8.531070595936248,177.21926614269614,16.536822947548433
2024-05-04,36000,45.7807115214404,6.245424450489691,153.07916259067133,11.760920189243437
2024-05-05,36000,45.7807115214404,6.245424450489691,128.93905903864652,11.760920189243437
2024-05-06,36000,33.59197421828881,4.57807115214404,111.50394179287832,8.428503812631453
2024-05-07,36000,33.59197421828881,4.57807115214404,94.06882454711013,8.428503812631453
2024-05-08,36000,24.66741963880263,3.359197421828881,81.42106132104527,6.077105600498167
2024-05-09,36000,24.66741963880263,3.359197421828881,68.77329809498042,6.077105600498167
2024-05-10,36000,18.12490053418552,2.4667419638802635,59.56715463171713,4.4026376795824085
2024-05-11,36000,18.12490053418552,2.4667419638802635,50.36101116845384,4.4026376795824085
2024-05-12,36000,13.324174132862716,1.8124900534185522,43.64243062597234,3.2013921295653875
2024-05-13,36000,13.324174132862716,1.8124900534185522,36.923850083490834,3.2013921295653875
2024-05-14,36000,9.799039324597203,1.3324174132862716,32.01084304624237,2.33457708541869
2024-05-15,36000,9.799039324597203,1.3324174132862716,27.09783600899391,2.33457708541869
2024-05-16,36000,7.209167914109554,0.9799039324597203,23.499668789329007,1.7062141191872495
2024-05-17,36000,7.209167914109554,0.9799039324597203,19.901501569664106,1.7062141191872495
2024-05-18,36000,5.305639096522001,0.7209167914109554,17.263220939203165,1.2490848900979383
2024-05-19,36000,5.305639096522001,0.7209167914109554,14.624940308742225,1.2490848900979383
2024-05-20,36000,3.9061205572119064,0.5305639096522001,12.688762254547328,0.9156142304288081
2024-05-21,36000,3.9061205572119064,0.5305639096522001,10.75258420035243,0.9156142304288081
2024-05-22,36000,2.876906019300531,0.3906120557211907,9.330706202541478,0.6718394843657762
2024-05-23,36000,2.876906019300531,0.3906120557211907,7.908828204730526,0.6718394843657762
2024-05-24,36000,2.119864040583413,0.2876906019300531,6.864101393381134,0.4933483927760527
2024-05-25,36000,2.119864040583413,0.2876906019300531,5.819374582031742,0.4933483927760527
2024-05-26,36000,1.5629264886816938,0.2119864040583413,5.051457053632475,0.36249801068371046
2024-05-27,36000,1.5629264886816938,0.2119864040583413,4.283539525233209,0.36249801068371046
2024-05-28,36000,1.153140552046731,0.1562926488681694,3.718915382749401,0.26648348265725436
2024-05-29,36000,1.153140552046731,0.1562926488681694,3.154291240265593,0.26648348265725436
2024-05-30,36000,0.8515843436841877,0.11531405520467311,2.7390413858229294,0.19598078649194406
2024-05-31,36000,0.8515843436841877,0.11531405520467311,2.323791531380266,0.19598078649194406
2024-06-01,36000,0.6296412096609139,0.08515843436841877,2.0183379100635648,0.1441833582821911
2024-06-02,36000,0.6296412096609139,0.08515843436841877,1.7128842887468636,0.1441833582821911
2024-06-03,36000,0.466266851167742,0.06296412096609139,1.4881578078493476,0.10611278193044003
2024-06-04,36000,0.466266851167742,0.06296412096609139,1.2634313269518316,0.10611278193044003
2024-06-05,36000,0.34598313773584044,0.0466266851167742,1.0980716079939157,0.07812241114423814
2024-06-06,36000,0.34598313773584044,0.0466266851167742,0.9327118890359998,0.07812241114423814
2024-06-07,36000,0.2574045127125876,0.03459831377358404,0.8110175539040938,0.05753812038601062
2024-06-08,36000,0.2574045127125876,0.03459831377358404,0.6893232187721878,0.05753812038601062
2024-06-09,36000,0.19215511992631054,0.02574045127125876,0.5997496148338541,0.04239728081166826
2024-06-10,36000,0.19215511992631054,0.02574045127125876,0.5101760108955204,0.04239728081166826
2024-06-11,36000,0.14407278546166424,0.019215511992631055,0.44423308852128685,0.03125852977363388
2024-06-12,36000,0.14407278546166424,0.019215511992631055,0.37829016614705324,0.03125852977363388
2024-06-13,36000,0.10862371803463645,0.014407278546166425,0.3297333236550912,0.023062811040934623
2024-06-14,36000,0.10862371803463645,0.014407278546166425,0.2811764811631292,0.023062811040934623
2024-06-15,36000,0.08247206533512608,0.010862371803463645,0.24541216786019504,0.017031686873683755
2024-06-16,36000,0.08247206533512608,0.010862371803463645,0.20964785455726087,0.017031686873683755
2024-06-17,36000,0.06316330973808842,0.008247206533512607,0.1832967473892495,0.012592824193218277
2024-06-18,36000,0.06316330973808842,0.008247206533512607,0.15694564022123814,0.012592824193218277
2024-06-19,36000,0.048891371092444215,0.006316330973808843,0.1375215199077502,0.00932533702335484
2024-06-20,36000,0.048891371092444215,0.006316330973808843,0.11809739959426224,0.00932533702335484
2024-06-21,36000,0.03832727128810635,0.004889137109244422,0.10377102473285049,0.006919662754716809
2024-06-22,36000,0.03832727128810635,0.004889137109244422,0.08944464987143874,0.006919662754716809
2024-06-23,36000,0.030493080224061088,0.003832727128810635,0.07887009845580906,0.005148090254251753
2024-06-24,36000,0.030493080224061088,0.003832727128810635,0.06829554704017937,0.005148090254251753
2024-06-25,36000,0.02466917169280432,0.003049308022406109,0.060482483240775764,0.0038431023985262113
2024-06-26,36000,0.02466917169280432,0.003049308022406109,0.052669419441372156,0.0038431023985262113
2024-06-27,36000,0.020325984625658017,0.0024669171692804324,0.046889130026102066,0.002881455709233285
2024-06-28,36000,0.020325984625658017,0.0024669171692804324,0.041108840610831976,0.002881455709233285
2024-06-29,36000,0.01707381344295645,0.0020325984625658017,0.03682510810904205,0.0021724743606927293
2024-06-30,36000,0.01707381344295645,0.0020325984625658017,0.03254137560725212,0.0021724743606927293
2024-07-01,36000,0.014625863378818993,0.001707381344295645,0.02935961983166635,0.0016494413067025216
2024-07-02,36000,0.014625863378818993,0.001707381344295645,0.02617786405608058,0.0016494413067025216
2024-07-03,36000,0.012771065880245465,0.0014625863378818994,0.023807723307982087,0.0012632661947617686
2024-07-04,36000,0.012771065880245465,0.0014625863378818994,0.021437582559883595,0.0012632661947617686
2024-07-05,36000,0.011354075432306744,0.0012771065880245467,0.019665381172671914,0.0009778274218488843
2024-07-06,36000,0.011354075432306744,0.0012771065880245467,0.017893179785460234,0.0009778274218488843
2024-07-07,36000,0.010260550549191717,0.0011354075432306744,0.01656167022883892,0.000766545425762127
2024-07-08,36000,0.010260550549191717,0.0011354075432306744,0.015230160672217607,0.000766545425762127
2024-07-09,36000,0.009406322962885157,0.0010260550549191718,0.01422361726872623,0.0006098616044812218
2024-07-10,36000,0.009406322962885157,0.0010260550549191718,0.013217073865234852,0.0006098616044812218
2024-07-11,36000,0.008729427857839391,0.0009406322962885157,0.012450324837118387,0.0004933834338560865
2024-07-12,36000,0.008729427857839391,0.0009406322962885157,0.011683575809001923,0.0004933834338560865
2024-07-13,36000,0.008184239361158443,0.0008729427857839391,0.011093932203948498,0.00040651969251316036
2024-07-14,36000,0.008184239361158443,0.0008729427857839391,0.010504288598895073,0.00040651969251316036
2024-07-15,36000,0.007737155161066486,0.0008184239361158443,0.010045605944469571,0.00034147626885912903
2024-07-16,36000,0.007737155161066486,0.0008184239361158443,0.00958692329004407,0.00034147626885912903
2024-07-17,36000,0.007363421038867655,0.0007737155161066486,0.009225231246091425,0.0002925172675763799
2024-07-18,36000,0.007363421038867655,0.0007737155161066486,0.008863539202138782,0.0002925172675763799
2024-07-19,36000,0.007044794199795673,0.0007363421038867656,0.008573826286010444,0.00025542131760490937
2024-07-20,36000,0.007044794199795673,0.0007363421038867656,0.008284113369882107,0.00025542131760490937
2024-07-21,36000,0.006767823830792012,0.0007044794199795673,0.00804796046577394,0.00022708150864613489
2024-07-22,36000,0.006767823830792012,0.0007044794199795673,0.007811807561665773,0.00022708150864613489
2024-07-23,36000,0.006522585843151201,0.0006767823830792012,0.007615647162310779,0.00020521101098383435
2024-07-24,36000,0.006522585843151201,0.0006767823830792012,0.007419486762955785,0.00020521101098383435
2024-07-25,36000,0.006301751826372602,0.0006522585843151201,0.007253321469761431,0.00018812645925770315
2024-07-26,36000,0.006301751826372602,0.0006522585843151201,0.007087156176567078,0.00018812645925770315
2024-07-27,36000,0.006099903931007907,0.0006301751826372602,0.006943615851923823,0.00017458855715678784
2024-07-28,36000,0.006099903931007907,0.0006301751826372602,0.006800075527280569,0.00017458855715678784
2024-07-29,36000,0.0059130307182248855,0.0006099903931007908,0.00667372380848974,0.00016368478722316888
2024-07-30,36000,0.0059130307182248855,0.0006099903931007908,0.006547372089698911,0.00016368478722316888
2024-07-31,36000,0.005738156173669587,0.0005913030718224885,0.006434195791371167,0.00015474310322132975
